[
  {
    "api_key": "TQk22SqE5xt2jn6Ec7RVE15dL",
    "api_secret_key": "YGEeS9DAFLvojTd7CysEREhi7iBYsWI8HevZWOosszGzqIqtVx",
    "access_token": "1334510887827369985-V15vUQQO1Rsp3pBk0NoMsrSWG4bCnP",
    "access_token_secret": "9GXNvMP1LxMWHhAfgB1ekyVytU5GxoXF0mj1SdDaPwnmE",
    "bearer_token": "AAAAAAAAAAAAAAAAAAAAAGsHjAEAAAAAX%2BGMA1lnU0kGeM3gQbT3JQxuHx4%3DEV9DnOwgCacqpXXiTSqrxYo7LNxSLwgYPH2j2Z91Xwy0DSPYnP"
  },
  {
    "api_key": "nn2SztTT7Pg5hxOKorQOgSkUq",
    "api_secret_key": "2U7jHPqy15m6rsAgk7v7dhLthC2I5358b44Bpwnn0BaqbWVo2j",
    "access_token": "1334510887827369985-4mdpvrJz7Z0lKaHcsU4hBJn9kIqYJU",
    "access_token_secret": "h0cgpK1z6gdfUq2SpKAiKEFeQrXWhOPQPy2STu44csjaT",
    "bearer_token": "AAAAAAAAAAAAAAAAAAAAAIIHjAEAAAAA0sDvVFYS2S3AoY84q7%2BMpimD9pI%3Df6FyYkV63o6dPlzgLcJsF72o6HZLvCutiow9cT50aO8cGWTcvP"
  },
  {
    "api_key": "Ptm4DT5f4qm305mHuMeXlB75a",
    "api_secret_key": "TlRjzGUtkfTViJSuD40V3KFyFDyyTGlSisEUCcbd17aOxQtxyK",
    "access_token": "1334510887827369985-2UFaYrR8LRQWgCqBr2BRmVHrsSNwWC",
    "access_token_secret": "nEwD4ZXt08YrZsJiToetON2bpwAxEZICHmJHbo5b6T0zX",
    "bearer_token": "AAAAAAAAAAAAAAAAAAAAABQxjAEAAAAAkOPZUWQeV9pRiYdrLLlmGWjB9dA%3DijZqN0xGQKtoEXRvX5MQgktAhlgp5OWrr4Psn6pcJfuK8pNDXZ"
  },
  {
    "api_key": "fzaRdqieRKOg8N2kpcamsg15Y",
    "api_secret_key": "WMvcBDieVyi0wwNmzaMZF4AvziXCLEAOm9Pe17xGxnzEN0cusW",
    "access_token": "1334510887827369985-yTZslTYhd1WLmjf3cxbNgtZQzWXOYp",
    "access_token_secret": "ScRXd1arNuvtvWUXheN2QbeNwG6pCwkZJPTtj2BP2X5Ll",
    "bearer_token": "AAAAAAAAAAAAAAAAAAAAACAxjAEAAAAAto37xF3l%2FUsX7NGVi2cvCGvnA4A%3Drns5XvgKHvKHF1iLblom4mPKl2GYkCbKYAPti9t4hkwxM0byBi"
  },
  {
    "api_key": "FfGomHAC4EGAwAbLybQkOdELH",
    "api_secret_key": "xy6wBU3FufYeYoaAlVpRAsR2vojNdIDBG64u9NUgKi3EzJKdqx",
    "access_token": "1334510887827369985-iQJKrPA5vFZjFzoNDYkuQGWlZciYuT",
    "access_token_secret": "qCfj3l9HzOJGGA4zkaANO2l2RQ50pskuxkfVyPIGmDO7j",
    "bearer_token": "AAAAAAAAAAAAAAAAAAAAACkxjAEAAAAAmw3Reb72WJQhaazeEqbYqprqpiI%3DrPLIVxFbuTVyV0hucq7DVA5Ssu5lz03XwSVIDa50Mr0MkQM08W"
  },
  {
    "api_key": "dYZ1ZmV62toSzvDVkNOQJj6xA",
    "api_secret_key": "mUc9HabRCPhcyJjIYUHoFoKXYnR75apJ4jELlFdN5LEk294Fov",
    "access_token": "1334510887827369985-u4ZRkZ0RCTM27C4gQA2GPOgcaQ2qoy",
    "access_token_secret": "CCIe2BMtGfqYT0HCveokmVr6rmyGro7QdLKZHuK6QYzXi",
    "bearer_token": "AAAAAAAAAAAAAAAAAAAAAI%2BpjAEAAAAAI1fwlxvGDM3metzPqCUz62%2Fp%2BKo%3Dx8bjFe5ZAXuJF7PuQK3tUv3xhlctuzx2rhuCvCJGn4b559qS4O"
  },
  {
    "api_key": "pK3o5a9HoWdWj6bbjBgOtGLow",
    "api_secret_key": "1lSGUy4FSly9Xp70YgXfdtR5mBGAxQkaJw9e8Ae61rTJlveh5W",
    "access_token": "1334510887827369985-uKX8S9YnPZZOmggp74HHjWaHCV6Bxq",
    "access_token_secret": "BuBGJVcdOpNf7SPxXqUbD1Q13iTZ8nvY1JSETLQbRuAAP",
    "bearer_token": "AAAAAAAAAAAAAAAAAAAAAPyqjAEAAAAAKs4KjdvXjMpJMewUsTnRnlTPLPc%3D53s81WBfWes214KNnJkrbWnANPoQdPTqrtd9CvDw8sTn4XMYt5"
  },
  {
    "api_key": "dABT1FS2VMdAEQxhh1YO6clPl",
    "api_secret_key": "348WbHtGwjPMtW7vpjpScsboXxon8tXF9BWnfSZSTT0V1eBr7a",
    "access_token": "1334510887827369985-s70ZigO2R8kHo6gEb8es7YpPsRFU1S",
    "access_token_secret": "vAv03GRpcJzCOGIFF3kwfVTdEkofH7Er7pim4iuK4UNcZ",
    "bearer_token": "AAAAAAAAAAAAAAAAAAAAAJTAjAEAAAAAyQSll6ZBnzpA1xTMNeEy0FO4G6c%3DJsum7oemaJUOmmS72o9EY3wMfE85txJMoUG13HZWBmFNvy97jx"
  }, 
  {
    "api_key": "RRFRLy4xLCMnNTPVezRjAleso",
    "api_secret_key": "BW03JtiYyIgE3Cug5QweWZ1L2ikfHYCgjkwjPKBDKFJJbBp8Np",
    "access_token": "1334510887827369985-NDE7B1XKlle2c0yUUxtlJfwPEPpjfm",
    "access_token_secret": "YigEkUsabQ9LzVL99RwWqegzYa8CG2vR6kwbqx2nnieBW",
    "bearer_token": "AAAAAAAAAAAAAAAAAAAAALcfjQEAAAAAcQgwz31dKjlVK2kWrkYOYQqA9NQ%3DZXGcarlJQY5fQwJCtz3RMpOuCqB6YqggUvdH7F79EynvXkVURM"
  },
  {
    "api_key": "Wbz3fsgOhNan8QRSiXYIStVkw",
    "api_secret_key": "DC6RagtrBCBS3IQKu3uD9bV7TMyQ3D26PPJPgYcCTqFlSijkhJ",
    "access_token": "1334510887827369985-zvLOxfh7BNTNu365cR2O6K90KFa85j",
    "access_token_secret": "Gefgz8Unm7b4Nh79nobwbuqqt6rn3dlzq6P99omGHQZwk",
    "bearer_token": "AAAAAAAAAAAAAAAAAAAAAOofjQEAAAAALbOid6etaWGKVJRO5iwTvek9U0o%3DaWg4ZcBjqQLmkpCDOgqQqDwfwNfmIUfRptAXoQunmtCgOUh2Fc"
  }
]